entry_ts,exit_ts,dir,entry,exit,entry_price,exit_price,entry_signal_price,exit_signal_price,stop_price,stop_price_initial,stop_price_exit,initial_risk_price,r_value,fees,pnl,win,exit_reason,qty,be_triggered,confidence_mult,regime,_week
2026-01-08 14:00:00,2026-01-08 16:30:00,long,25573.85,25542.322276231793,25573.85,25542.322276231793,25573.85,25542.322276231793,25542.322276231793,25416.11051793461,25542.322276231793,157.7394820653899,-0.19987211416819628,0.0,-151.58301138516006,False,stop,4.807927540205883,False,1.6,bull,2026-01-05/2026-01-11
2026-01-08 16:15:00,2026-01-08 17:20:00,short,25609.65,25523.158693932444,25609.65,25523.158693932444,25609.65,25523.158693932444,25523.158693932444,25794.44755112334,25523.158693932444,184.79755112333805,0.4680327501192422,0.0,180.53283805263874,True,stop,2.0872946225557865,True,1.6,bull,2026-01-05/2026-01-11
2026-01-08 17:55:00,2026-01-08 21:15:00,long,25506.9,25423.341306067556,25506.9,25423.341306067556,25506.9,25423.341306067556,25423.341306067556,25322.102448876663,25423.341306067556,184.79755112333805,-0.4521634265417121,0.0,-342.6079436468888,False,stop,4.100207022429949,False,1.6,bull,2026-01-05/2026-01-11
2026-01-08 17:30:00,2026-01-08 23:35:00,short,25488.4,25537.658693932444,25488.4,25537.658693932444,25488.4,25537.658693932444,25537.658693932444,25673.19755112334,25537.658693932444,184.79755112333805,-0.2665549063448707,0.0,-101.370238445278,False,stop,2.0579156764551034,False,1.6,bull,2026-01-05/2026-01-11
2026-01-09 13:00:00,2026-01-09 16:20:00,long,25552.25,25550.9431130176,25552.25,25550.9431130176,25552.25,25550.9431130176,25550.9431130176,25394.737086908,25550.9431130176,157.5129130919995,-0.00829701487163126,0.0,-5.026084424045776,False,stop,3.8458447377158467,False,1.6,bull,2026-01-05/2026-01-11
2026-01-09 13:20:00,2026-01-09 16:20:00,long,25563.85,25550.9431130176,25563.85,25550.9431130176,25563.85,25550.9431130176,25550.9431130176,25406.337086908,25550.9431130176,157.5129130919995,-0.08194177054460433,0.0,-49.86891539250947,False,stop,3.863744639627172,False,1.6,bull,2026-01-05/2026-01-11
2026-01-12 13:00:00,2026-01-12 16:30:00,short,25538.95,25642.96520657283,25538.95,25642.96520657283,25538.95,25642.96520657283,25642.96520657283,25725.166012324054,25642.96520657283,186.21601232405374,-0.558572838472243,0.0,-168.21444600934137,False,stop,1.6172101325546255,False,1.6,bull,2026-01-12/2026-01-18
2026-01-12 14:00:00,2026-01-12 16:30:00,long,25561.15,25587.114793427172,25561.15,25587.114793427172,25561.15,25587.114793427172,25587.114793427172,25374.933987675948,25587.114793427172,186.21601232405374,0.13943373130548323,0.0,60.23856775623789,True,stop,2.3200095130817293,False,0.96,bull,2026-01-12/2026-01-18
2026-01-12 16:00:00,2026-01-12 22:00:00,long,25572.95,25848.9961738851,25572.95,25848.9961738851,25572.95,25848.9961738851,25732.580287636883,25360.606789319154,25732.580287636883,212.34321068084682,1.3,0.0,936.8672868522175,True,tp,3.3938789068026396,True,1.6,bull,2026-01-12/2026-01-18
2026-01-14 14:20:00,2026-01-14 16:35:00,short,25614.05,25621.336965816114,25614.05,25621.336965816114,25614.05,25621.336965816114,25621.336965816114,25778.500560905213,25621.336965816114,164.45056090521393,-0.04431098182945361,0.0,-17.405888433386036,False,stop,2.388633194201992,False,1.6,bull,2026-01-12/2026-01-18
2026-01-15 13:00:00,2026-01-15 17:45:00,long,25671.65,25662.46236787411,25671.65,25662.46236787411,25671.65,25662.46236787411,25662.46236787411,25457.735689763966,25662.46236787411,213.91431023603582,-0.042950058440465705,0.0,-28.07158819887043,False,stop,3.0553670210377764,False,1.6,bull,2026-01-12/2026-01-18
2026-01-16 14:20:00,2026-01-16 16:55:00,long,25666.75,25619.58418642314,25666.75,25619.58418642314,25666.75,25619.58418642314,25619.58418642314,25493.37659954339,25619.58418642314,173.3734004566104,-0.2720475773829181,0.0,-212.78884793762,False,stop,4.511505936198228,False,1.6,bull,2026-01-12/2026-01-18
2026-01-16 16:40:00,2026-01-16 16:55:00,long,25664.93,25574.43,25664.93,25574.43,25664.93,25574.43,25552.86362823339,25454.993052937603,25552.86362823339,209.93694706239694,-0.43108181416538277,0.0,-336.9130297284889,False,cash_guardrail,3.722795908602087,False,1.6,bull,2026-01-12/2026-01-18
2026-01-21 20:25:00,2026-01-21 22:30:00,long,25090.83,25313.453720201058,25090.83,25313.453720201058,25090.83,25313.453720201058,25313.453720201058,24751.499475376986,25313.453720201058,339.33052462301566,0.6560674741784085,0.0,404.8405048208713,True,stop,1.8184967192860282,True,1.6,bull,2026-01-19/2026-01-25
2026-01-22 13:00:00,2026-01-22 16:45:00,long,25550.75,25449.253124635306,25550.75,25449.253124635306,25550.75,25449.253124635306,25449.253124635306,25279.255858691202,25449.253124635306,271.49414130879813,-0.3738455455259742,0.0,-240.25459346088397,False,stop,2.3671132002597424,False,1.6,bull,2026-01-19/2026-01-25
2026-01-22 13:20:00,2026-01-22 16:45:00,long,25545.45,25449.253124635306,25545.45,25449.253124635306,25545.45,25449.253124635306,25449.253124635306,25273.955858691203,25449.253124635306,271.49414130879813,-0.35432394563269676,0.0,-227.42795421073143,False,stop,2.364192738574136,False,1.6,bull,2026-01-19/2026-01-25
2026-01-23 13:20:00,2026-01-23 17:00:00,short,25490.35,25548.901064593752,25490.35,25548.901064593752,25490.35,25548.901064593752,25548.901064593752,25715.82074611328,25548.901064593752,225.47074611328208,-0.2596836423486013,0.0,-47.85196146153216,False,stop,0.8172688540087956,False,0.96,bull,2026-01-19/2026-01-25
2026-01-23 13:00:00,2026-01-23 19:45:00,long,25483.75,25586.47893540625,25483.75,25586.47893540625,25483.75,25586.47893540625,25586.47893540625,25258.279253886718,25586.47893540625,225.47074611328208,0.4556197962578928,0.0,279.34041902546505,True,stop,2.719199005818508,True,1.6,bull,2026-01-19/2026-01-25
2026-01-23 16:25:00,2026-01-23 19:50:00,long,25471.15,25571.687877352084,25471.15,25571.687877352084,25471.15,25571.687877352084,25571.687877352084,25217.946020035157,25571.687877352084,253.20397996484462,0.3970627845819853,0.0,291.5677369396752,True,stop,2.900078503931494,True,1.6,bull,2026-01-19/2026-01-25
2026-01-23 19:50:00,2026-01-26 01:05:00,long,25559.48,25499.487877352083,25559.48,25499.487877352083,25559.48,25499.487877352083,25499.487877352083,25306.276020035155,25499.487877352083,253.20397996484462,-0.2369319892058799,0.0,-91.85715518985774,False,stop,1.531153610432353,False,0.96,bull,2026-01-19/2026-01-25
2026-01-29 16:40:00,2026-01-29 17:50:00,short,25823.73,25436.24772013081,25823.73,25436.24772013081,25823.73,25436.24772013081,25576.897089177106,26121.79329220707,25576.897089177106,298.063292207069,1.2999999999999987,0.0,499.47425420647727,True,tp,1.2890247635971777,True,1.6,bull,2026-01-26/2026-02-01
2026-01-29 18:10:00,2026-01-29 20:10:00,short,25539.73,25716.797089177107,25539.73,25716.797089177107,25539.73,25716.797089177107,25716.797089177107,25837.79329220707,25716.797089177107,298.063292207069,-0.5940586909108442,0.0,-199.57947685528475,False,stop,1.1271404402862202,False,1.6,bull,2026-01-26/2026-02-01
2026-01-30 13:50:00,2026-01-30 18:20:00,long,25748.35,25634.283229577173,25748.35,25634.283229577173,25748.35,25634.283229577173,25634.283229577173,25443.012305457196,25634.283229577173,305.33769454280264,-0.37357578989264073,0.0,-219.06818986981867,False,stop,1.9205259258044356,False,1.5269360928647098,bull,2026-01-26/2026-02-01
2026-01-30 13:00:00,2026-01-30 20:55:00,short,25669.25,25650.17677042283,25669.25,25650.17677042283,25669.25,25650.17677042283,25650.17677042283,25974.587694542803,25650.17677042283,305.33769454280264,0.06246601686611187,0.0,20.5920773095971,True,stop,1.0796324359375746,False,1.6,bull,2026-01-26/2026-02-01
2026-01-30 20:55:00,2026-02-02 02:10:00,short,25622.83,25479.543040895365,25622.83,25479.543040895365,25622.83,25479.543040895365,25479.543040895365,25938.923201678816,25479.543040895365,316.0932016788138,0.45330604500071514,0.0,98.26431500021513,True,stop,0.6857868686323143,True,1.6,bull,2026-01-26/2026-02-01
2026-02-02 16:00:00,2026-02-03 09:40:00,long,25421.45,25898.547078072377,25421.45,25898.547078072377,25421.45,25898.547078072377,25702.817865406203,25054.452247636633,25702.817865406203,366.9977523633679,1.299999999999995,0.0,886.8505352374583,True,tp,1.8588471319518782,True,1.6,bull,2026-02-02/2026-02-08
2026-02-02 16:20:00,2026-02-03 09:45:00,long,25424.35,25901.447078072375,25424.35,25901.447078072375,25424.35,25901.447078072375,25714.417865406205,25057.35224763663,25714.417865406205,366.9977523633679,1.299999999999995,0.0,900.3056143173706,True,tp,1.8870491052992628,True,1.6,bull,2026-02-02/2026-02-08
2026-02-03 14:05:00,2026-02-03 16:30:00,long,25842.75,25750.999518393764,25842.75,25750.999518393764,25842.75,25750.999518393764,25750.999518393764,25592.34284698831,25750.999518393764,250.40715301168893,-0.36640519451116743,0.0,-336.76440995584636,False,stop,3.670437517713903,False,1.6,bull,2026-02-02/2026-02-08
2026-02-03 14:25:00,2026-02-03 16:30:00,long,25873.35,25750.999518393764,25873.35,25750.999518393764,25873.35,25750.999518393764,25750.999518393764,25622.94284698831,25750.999518393764,250.40715301168893,-0.4886061765197371,0.0,-453.24174493509787,False,stop,3.7044541139918485,False,1.6,bull,2026-02-02/2026-02-08
2026-02-03 16:05:00,2026-02-03 17:20:00,short,25845.55,25399.82740760683,25845.55,25399.82740760683,25845.55,25399.82740760683,25550.390550725402,26188.41353261013,25550.390550725402,342.8635326101321,1.2999999999999927,0.0,592.8474114066677,True,tp,1.330081583308482,True,1.6,bull,2026-02-02/2026-02-08
2026-02-06 16:00:00,2026-02-09 02:00:00,long,24694.75,25239.56834670792,24694.75,25239.56834670792,24694.75,25239.56834670792,25018.534780837774,24275.65896407083,25018.534780837774,419.0910359291702,1.3000000000000007,0.0,1175.396677015837,True,tp,2.157410234288549,True,1.6,bull,2026-02-02/2026-02-08
2026-02-06 20:00:00,2026-02-09 11:40:00,long,25024.38,25034.15814339274,25024.38,25034.15814339274,25024.38,25034.15814339274,25034.15814339274,24628.207768861386,25034.15814339274,396.17223113861473,0.02468154662085925,0.0,19.705843260520517,True,stop,2.015294976667708,False,1.6,bull,2026-02-02/2026-02-08
2026-02-09 15:00:00,2026-02-10 22:10:00,long,25026.05,25170.408333144496,25026.05,25170.408333144496,25026.05,25170.408333144496,25170.408333144496,24693.384374645924,25170.408333144496,332.665625354075,0.43394424353537636,0.0,431.682467620663,True,stop,2.990353644417367,True,1.6,bull,2026-02-09/2026-02-15
2026-02-09 16:35:00,2026-02-10 22:10:00,long,25039.83,25164.63,25039.83,25164.63,25039.83,25164.63,25145.15788872523,24659.819791359805,25145.15788872523,380.01020864019665,0.32841222988870566,0.0,327.72683671208637,True,cash_guardrail,2.6260163198083997,True,1.6,bull,2026-02-09/2026-02-15
2026-02-11 13:00:00,2026-02-11 16:55:00,long,25143.15,25223.478285443467,25143.15,25223.478285443467,25143.15,25223.478285443467,25223.478285443467,24889.3280352065,25223.478285443467,253.82196479350023,0.316474917798456,0.0,277.543615162628,True,stop,3.4551168823086735,True,1.6,bull,2026-02-09/2026-02-15
2026-02-11 16:55:00,2026-02-12 16:45:00,long,25218.63,25169.535847384337,25218.63,25169.535847384337,25218.63,25169.535847384337,25169.535847384337,24917.290963845637,25169.535847384337,301.3390361543643,-0.16291998953137585,0.0,-174.8832653867043,False,stop,3.5622015264381255,False,1.6,bull,2026-02-09/2026-02-15
2026-02-12 16:10:00,2026-02-12 18:05:00,short,25286.65,24880.71762498067,25286.65,24880.71762498067,25286.65,24880.71762498067,25047.666358982293,25598.905673091795,25047.666358982293,312.25567309179314,1.3000000000000045,0.0,709.6742109910531,True,tp,1.748257233627288,True,1.6,bull,2026-02-09/2026-02-15
2026-02-18 17:00:00,2026-02-18 21:30:00,long,24949.73,24889.49311640381,24949.73,24889.49311640381,24949.73,24889.49311640381,24889.49311640381,24661.285843257137,24889.49311640381,288.4441567428621,-0.20883378008551168,0.0,-116.31925855586475,False,stop,1.9310304851697624,False,1.6,bear,2026-02-16/2026-02-22
2026-02-19 13:00:00,2026-02-19 17:00:00,short,24780.55,24878.830403596487,24780.55,24878.830403596487,24780.55,24878.830403596487,24878.830403596487,25027.11325674341,24878.830403596487,246.56325674341133,-0.398601173972827,0.0,-367.10080848849805,False,stop,3.735239122498056,False,1.6,bear,2026-02-16/2026-02-22
2026-02-19 16:10:00,2026-02-19 17:00:00,short,24780.45,24856.93,24780.45,24856.93,24780.45,24856.93,24882.166349783623,25033.26815584429,24882.166349783623,252.8181558442884,-0.30250991960839974,0.0,-334.33263070504,False,cash_guardrail,4.371504062565925,False,1.6,bear,2026-02-16/2026-02-22
2026-02-20 13:00:00,2026-02-20 16:35:00,short,24790.55,24769.713574160607,24790.55,24769.713574160607,24790.55,24769.713574160607,24769.713574160607,25011.919201551136,24769.713574160607,221.36920155113694,0.09412522470782322,0.0,82.51413741825999,True,stop,3.9600907590525147,False,1.6,bear,2026-02-16/2026-02-22
2026-02-23 14:00:00,2026-02-23 16:30:00,short,24874.35,24973.582179632864,24874.35,24973.582179632864,24874.35,24973.582179632864,24973.582179632864,25126.785336811616,24973.582179632864,252.43533681161716,-0.39309940076621813,0.0,-415.98896070971455,False,stop,4.192077229874141,False,1.6,bear,2026-02-23/2026-03-01
2026-02-23 16:00:00,2026-02-23 16:30:00,short,24879.65,24946.03,24879.65,24946.03,24879.65,24946.03,25035.31522234848,25172.647291903402,25035.31522234848,292.99729190340076,-0.2265549949925217,0.0,-239.36518778588666,False,cash_guardrail,3.605983546036398,False,1.6,bear,2026-02-23/2026-03-01
2026-02-24 14:00:00,2026-02-24 16:40:00,short,24817.35,24801.44282989489,24817.35,24801.44282989489,24817.35,24801.44282989489,24801.44282989489,25034.686556052922,24801.44282989489,217.3365560529237,0.07319141516732929,0.0,73.81547216909074,True,stop,4.640389942482098,False,1.6,bear,2026-02-23/2026-03-01
2026-02-24 15:00:00,2026-02-24 17:00:00,long,24780.25,24775.317170105107,24780.25,24775.317170105107,24780.25,24775.317170105107,24775.317170105107,24562.913443947076,24775.317170105107,217.3365560529237,-0.022696733510822173,0.0,-6.955978227243815,False,stop,1.4101394889868981,False,0.96,bear,2026-02-23/2026-03-01
2026-02-24 16:10:00,2026-02-24 18:10:00,short,24799.35,24826.227785908904,24799.35,24826.227785908904,24799.35,24826.227785908904,24826.227785908904,25063.1583485792,24826.227785908904,263.80834857920127,-0.1018837578630936,0.0,-103.60597105976555,False,stop,3.8547063143856573,False,1.6,bear,2026-02-23/2026-03-01
2026-02-26 17:00:00,2026-02-26 17:45:00,short,25126.73,24967.569505867858,25126.73,24967.569505867858,25126.73,24967.569505867858,24967.569505867858,25396.05407350223,24967.569505867858,269.32407350223,0.5909627463392135,0.0,594.3545864873136,True,stop,3.7343097590150367,True,1.6,bear,2026-02-23/2026-03-01
2026-02-26 17:40:00,2026-02-26 21:05:00,short,24942.73,25002.46950586786,24942.73,25002.46950586786,24942.73,25002.46950586786,25002.46950586786,25212.05407350223,25002.46950586786,269.32407350223,-0.22181272208986086,0.0,-234.644624796681,False,stop,3.92779654581848,False,1.6,bear,2026-02-23/2026-03-01
2026-02-26 18:00:00,2026-02-26 21:05:00,short,24977.13,25002.46950586786,24977.13,25002.46950586786,24977.13,25002.46950586786,25002.46950586786,25246.45407350223,25002.46950586786,269.32407350223,-0.09408555848108446,0.0,-81.5853633464765,False,stop,3.2196903827538303,False,1.6,bear,2026-02-23/2026-03-01
2026-02-27 13:00:00,2026-02-27 17:00:00,short,24960.35,24900.306933441574,24960.35,24900.306933441574,24960.35,24900.306933441574,24900.306933441574,25207.019250202946,24900.306933441574,246.6692502029473,0.2434152879170144,0.0,208.28893759502586,True,stop,3.468992333900065,False,1.6,bear,2026-02-23/2026-03-01
2026-02-27 17:20:00,2026-03-02 03:10:00,short,24940.73,24829.638008982696,24940.73,24829.638008982696,24940.73,24829.638008982696,24829.638008982696,25205.270016842554,24829.638008982696,264.5400168425549,0.4199439931366659,0.0,437.8458354181765,True,stop,3.941290739401537,True,1.6,bear,2026-02-23/2026-03-01
2026-03-02 16:00:00,2026-03-02 16:30:00,long,24577.65,24617.232936071574,24577.65,24617.232936071574,24577.65,24617.232936071574,24617.232936071574,24246.530505134197,24617.232936071574,331.1194948658049,0.1195427532517061,0.0,39.791057601212856,True,stop,1.0052578598329356,False,1.6,bear,2026-03-02/2026-03-08
2026-03-02 16:30:00,2026-03-03 03:00:00,long,24793.83,24878.63293607157,24793.83,24878.63293607157,24793.83,24878.63293607157,24878.63293607157,24462.710505134197,24878.63293607157,331.1194948658049,0.25610976516480455,0.0,95.03206130404527,True,stop,1.120622300433588,False,1.6,bear,2026-03-02/2026-03-08
2026-03-02 20:20:00,2026-03-03 10:25:00,short,24985.73,24573.200702451195,24985.73,24573.200702451195,24985.73,24573.200702451195,24729.99278873797,25303.060228883696,24729.99278873797,317.3302288836967,1.2999999999999967,0.0,1186.4258215773243,True,tp,2.8759795452757224,True,1.6,bear,2026-03-02/2026-03-08
2026-03-04 13:40:00,2026-03-04 15:40:00,short,24779.75,24874.43997385168,24779.75,24874.43997385168,24779.75,24874.43997385168,24874.43997385168,25114.231200971903,24874.43997385168,334.4812009719026,-0.2830950545995996,0.0,-165.8284596609431,False,stop,1.7512779116476676,False,0.96,bear,2026-03-02/2026-03-08
2026-03-04 16:40:00,2026-03-04 18:40:00,short,24815.43,25051.79864400479,24815.43,25051.79864400479,24815.43,25051.79864400479,25051.79864400479,25175.933707508982,25051.79864400479,360.5037075089822,-0.6556621723478399,0.0,-660.8043608764153,False,stop,2.7956515283940346,False,1.6,bear,2026-03-02/2026-03-08
2026-03-04 13:00:00,2026-03-05 03:55:00,long,24820.25,25015.06002614832,24820.25,25015.06002614832,24820.25,25015.06002614832,25015.06002614832,24485.768799028097,25015.06002614832,334.4812009719026,0.5824244399453834,0.0,285.3974075456055,True,stop,1.4650036919984641,True,1.6,bear,2026-03-02/2026-03-08
2026-03-05 15:00:00,2026-03-05 17:00:00,short,25017.05,25094.564190473047,25017.05,25094.564190473047,25017.05,25094.564190473047,25094.564190473047,25322.889107136965,25094.564190473047,305.83910713696605,-0.2534476090996903,0.0,-246.83369826348078,False,stop,3.184367878411962,False,1.6,bear,2026-03-02/2026-03-08
2026-03-06 13:40:00,2026-03-06 17:20:00,short,24842.35,24773.861444489045,24842.35,24773.861444489045,24842.35,24773.861444489045,24773.861444489045,25185.121458416957,24773.861444489045,342.7714584169589,0.19980822156914305,0.0,185.86688680157346,True,stop,2.713838617487647,False,1.6,bear,2026-03-02/2026-03-08
2026-03-06 17:20:00,2026-03-09 01:05:00,short,24779.33,24312.722823516895,24779.33,24312.722823516895,24779.33,24312.722823516895,24413.48858522384,25138.258597294698,24413.48858522384,358.9285972946964,1.300000000000004,0.0,1469.478204589772,True,tp,3.1492833343573183,True,1.6,bear,2026-03-02/2026-03-08
2026-03-06 20:00:00,2026-03-09 01:05:00,short,24766.73,24286.13111371464,24766.73,24286.13111371464,24766.73,24286.13111371464,24419.22877386066,25136.421450988735,24419.22877386066,369.6914509887356,1.3000000000000078,0.0,1227.8253589877409,True,tp,2.5547819481602176,True,1.6,bear,2026-03-02/2026-03-08
2026-03-09 17:00:00,2026-03-09 22:35:00,long,24445.13,24996.69047314509,24445.13,24996.69047314509,24445.13,24996.69047314509,24788.848780248172,24020.85271296532,24788.848780248172,424.27728703468165,1.3000000000000034,0.0,867.705378765003,True,tp,1.5731826717335375,True,1.6,bear,2026-03-09/2026-03-15
2026-03-16 15:05:00,2026-03-16 22:50:00,long,24633.55,24623.573806793218,24633.55,24623.573806793218,24633.55,24623.573806793218,24623.573806793218,24359.507137737284,24623.573806793218,274.04286226271506,-0.03640376955783472,0.0,-25.49607400895696,False,stop,2.5556916832390537,False,1.6,bear,2026-03-16/2026-03-22
2026-03-17 15:05:00,2026-03-17 18:30:00,long,24649.25,24760.764675400493,24649.25,24760.764675400493,24649.25,24760.764675400493,24760.764675400493,24423.75251637593,24760.764675400493,225.497483624069,0.4945273606086038,0.0,345.8735500855573,True,stop,3.101596707728292,True,1.6,bear,2026-03-16/2026-03-22
2026-03-18 15:00:00,2026-03-18 21:50:00,short,24847.85,24558.38493561194,24847.85,24558.38493561194,24847.85,24558.38493561194,24649.084898210487,25070.515434144658,24649.084898210487,222.66543414465923,1.3000000000000114,0.0,1852.5462223545615,True,tp,6.399895705103193,True,1.6,bear,2026-03-16/2026-03-22
2026-03-18 16:45:00,2026-03-18 22:55:00,short,24738.33,24439.36027753035,24738.33,24439.36027753035,24738.33,24439.36027753035,24546.234245115756,24968.30670959204,24546.234245115756,229.9767095920397,1.2999999999999936,0.0,1921.650989575531,True,tp,6.427577260003668,True,1.6,bear,2026-03-16/2026-03-22
2026-03-23 14:05:00,2026-03-23 16:30:00,long,24476.15,24262.988248698966,24476.15,24262.988248698966,24476.15,24262.988248698966,24262.988248698966,24010.846716310563,24262.988248698966,465.3032836894381,-0.45811357618380305,0.0,-480.66942546289175,False,stop,2.254951568605158,False,2.5,bear,2026-03-23/2026-03-29
2026-03-25 14:35:00,2026-03-25 17:00:00,long,24303.65,24132.333913684393,24303.65,24132.333913684393,24303.65,24132.333913684393,24132.333913684393,23962.93233815824,24132.333913684393,340.7176618417616,-0.5028095267781331,0.0,-516.3276821573792,False,stop,3.013889082232309,False,2.5,bear,2026-03-23/2026-03-29
2026-03-25 16:30:00,2026-03-26 19:15:00,short,24254.93,23809.17476765828,24254.93,23809.17476765828,24254.93,23809.17476765828,24037.403941473523,24597.81864026286,24037.403941473523,342.88864026285955,1.3000000000000032,0.0,2652.149072847538,True,tp,5.949787866571548,True,2.5,bear,2026-03-23/2026-03-29
